Date,Year,Name,Letterboxd URI,Director,Genre,Writer,Actors,Plot,Language,Country,Awards,Poster,imdbID,Type,DVD,BoxOffice,Production,Website
2017-09-06,2017,Dunkirk,https://letterboxd.com/film/dunkirk-2017/,Christopher Nolan,"Action, Drama, History",Christopher Nolan,"Fionn Whitehead, Damien Bonnard, Aneurin Barnard, Lee Armstrong","Allied soldiers from Belgium, the British Empire and France are surrounded by the German Army, and evacuated during a fierce battle in World War II.","English, French, German","UK, Netherlands, France, USA",Nominated for 3 Golden Globes. Another 18 wins & 97 nominations.,https://images-na.ssl-images-amazon.com/images/M/MV5BN2YyZjQ0NTEtNzU5MS00NGZkLTg0MTEtYzJmMWY3MWRhZjM2XkEyXkFqcGdeQXVyMDA4NzMyOA@@._V1_SX300.jpg,tt5013056,movie,19 Dec 2017,"$188,042,171",Warner Bros. Pictures,http://www.dunkirkmovie.com
2017-09-06,1982,Blade Runner,https://letterboxd.com/film/blade-runner/,Ridley Scott,"Sci-Fi, Thriller","Hampton Fancher (screenplay), David Webb Peoples (screenplay), Philip K. Dick (novel)","Harrison Ford, Rutger Hauer, Sean Young, Edward James Olmos",A blade runner must pursue and try to terminate four replicants who stole a ship in space and have returned to Earth to find their creator.,"English, German, Cantonese, Japanese, Hungarian, Arabic","USA, Hong Kong",Nominated for 2 Oscars. Another 11 wins & 16 nominations.,https://images-na.ssl-images-amazon.com/images/M/MV5BNzQzMzJhZTEtOWM4NS00MTdhLTg0YjgtMjM4MDRkZjUwZDBlXkEyXkFqcGdeQXVyNjU0OTQ0OTY@._V1_SX300.jpg,tt0083658,movie,27 Aug 1997,N/A,Warner Bros. Pictures,N/A
2017-09-06,1979,Alien,https://letterboxd.com/film/alien/,Ridley Scott,"Horror, Sci-Fi","Dan O'Bannon (story), Ronald Shusett (story), Dan O'Bannon (screenplay)","Tom Skerritt, Sigourney Weaver, Veronica Cartwright, Harry Dean Stanton","After a space merchant vessel perceives an unknown transmission as a distress call, its landing on the source moon finds one of the crew attacked by a mysterious lifeform, and they soon realize that its life cycle has merely begun.",English,"UK, USA",Won 1 Oscar. Another 16 wins & 19 nominations.,https://images-na.ssl-images-amazon.com/images/M/MV5BNDNhN2IxZWItNGEwYS00ZDNhLThiM2UtODU3NWJlZjBkYjQxXkEyXkFqcGdeQXVyMTQxNzMzNDI@._V1_SX300.jpg,tt0078748,movie,06 Jan 2004,N/A,20th Century Fox,http://www.foxmovies.com/index1.html
2017-09-06,1991,Terminator 2: Judgment Day,https://letterboxd.com/film/terminator-2-judgment-day/,"David G. Hudson, Ed W. Marsh","Documentary, Short",N/A,"Walter Noon, Arnold Schwarzenegger, James Cameron, Linda Hamilton","Documentary of the making of the sequel to the popular Schwarzenegger film, The Terminator.","English, Spanish",USA,N/A,https://images-na.ssl-images-amazon.com/images/M/MV5BNTQyYzJjZmItZWIwMi00ZDFlLTliNjAtZDdjYTc4M2MxNTU3XkEyXkFqcGdeQXVyMzM4MjM0Nzg@._V1_SX300.jpg,tt0271049,movie,N/A,N/A,N/A,N/A
2017-09-06,1984,The Terminator,https://letterboxd.com/film/the-terminator/,James Cameron,"Action, Sci-Fi","James Cameron, Gale Anne Hurd, William Wisher (additional dialogue)","Arnold Schwarzenegger, Michael Biehn, Linda Hamilton, Paul Winfield","A seemingly indestructible humanoid cyborg is sent from 2029 to 1984 to assassinate a waitress, whose unborn son will lead humanity in a war against the machines, while a soldier from that war is sent to protect her at all costs.","English, Spanish","UK, USA",6 wins & 6 nominations.,https://images-na.ssl-images-amazon.com/images/M/MV5BODE1MDczNTUxOV5BMl5BanBnXkFtZTcwMTA0NDQyNA@@._V1_SX300.jpg,tt0088247,movie,03 Sep 1997,N/A,Orion Pictures Corporation,http://www.terminator1.com/
2017-09-06,1986,Aliens,https://letterboxd.com/film/aliens/,James Cameron,"Action, Adventure, Sci-Fi","James Cameron (story by), David Giler (story by), Walter Hill (story by), Dan O'Bannon (based on characters created by), Ronald Shusett (based on characters created by), James Cameron (screenplay by)","Sigourney Weaver, Carrie Henn, Michael Biehn, Paul Reiser","57 years later, Ellen Ripley is rescued by a deep salvage team during her hypersleep. The moon from the original movie has been colonized, but contact is lost. This time, colonial marines have impressive firepower, but will that be enough?",English,USA,Won 2 Oscars. Another 18 wins & 22 nominations.,https://images-na.ssl-images-amazon.com/images/M/MV5BYzVlMWViZGEtYjEyYy00YWZmLThmZGEtYmM4MDZlN2Q5MmRmXkEyXkFqcGdeQXVyMTQxNzMzNDI@._V1_SX300.jpg,tt0090605,movie,01 Jun 1999,N/A,20th Century Fox Film Corporat,N/A
2017-09-06,1977,Star Wars,https://letterboxd.com/film/star-wars/,George Lucas,"Action, Adventure, Fantasy",George Lucas,"Mark Hamill, Harrison Ford, Carrie Fisher, Peter Cushing","Luke Skywalker joins forces with a Jedi Knight, a cocky pilot, a Wookiee and two droids to save the galaxy from the Empire's world-destroying battle-station while also attempting to rescue Princess Leia from the evil Darth Vader.",English,USA,Won 6 Oscars. Another 50 wins & 28 nominations.,https://images-na.ssl-images-amazon.com/images/M/MV5BNzVlY2MwMjktM2E4OS00Y2Y3LWE3ZjctYzhkZGM3YzA1ZWM2XkEyXkFqcGdeQXVyNzkwMjQ5NzM@._V1_SX300.jpg,tt0076759,movie,21 Sep 2004,N/A,20th Century Fox,http://www.starwars.com/episode-iv/
2017-09-06,1968,2001: A Space Odyssey,https://letterboxd.com/film/2001-a-space-odyssey/,Stanley Kubrick,"Adventure, Sci-Fi","Stanley Kubrick (screenplay), Arthur C. Clarke (screenplay)","Keir Dullea, Gary Lockwood, William Sylvester, Daniel Richter","Humanity finds a mysterious, obviously artificial object buried beneath the Lunar surface and, with the intelligent computer H.A.L. 9000, sets off on a quest.","English, Russian","UK, USA",Won 1 Oscar. Another 13 wins & 10 nominations.,https://images-na.ssl-images-amazon.com/images/M/MV5BMmNlYzRiNDctZWNhMi00MzI4LThkZTctMTUzMmZkMmFmNThmXkEyXkFqcGdeQXVyNzkwMjQ5NzM@._V1_SX300.jpg,tt0062622,movie,25 Aug 1998,"$135,620",Warner Bros. Pictures,N/A
2017-09-06,2008,WALL·E,https://letterboxd.com/film/walle/,Andrew Stanton,"Animation, Adventure, Family","Andrew Stanton (original story by), Pete Docter (original story by), Andrew Stanton (screenplay by), Jim Reardon (screenplay by)","Ben Burtt, Elissa Knight, Jeff Garlin, Fred Willard","In the distant future, a small waste-collecting robot inadvertently embarks on a space journey that will ultimately decide the fate of mankind.",English,USA,Won 1 Oscar. Another 89 wins & 90 nominations.,https://images-na.ssl-images-amazon.com/images/M/MV5BMjExMTg5OTU0NF5BMl5BanBnXkFtZTcwMjMxMzMzMw@@._V1_SX300.jpg,tt0910970,movie,18 Nov 2008,"$223,749,872",Walt Disney Pictures,http://www.wall-e.com/
2017-09-06,2012,Prometheus,https://letterboxd.com/film/prometheus/,Ridley Scott,"Adventure, Mystery, Sci-Fi","Jon Spaihts, Damon Lindelof, Dan O'Bannon (based on elements created by), Ronald Shusett (based on elements created by)","Noomi Rapace, Michael Fassbender, Charlize Theron, Idris Elba","Following clues to the origin of mankind, a team finds a structure on a distant moon, but they soon realize they are not alone.","English, Scottish Gaelic","USA, UK",Nominated for 1 Oscar. Another 6 wins & 46 nominations.,https://images-na.ssl-images-amazon.com/images/M/MV5BMTY3NzIyNTA2NV5BMl5BanBnXkFtZTcwNzE2NjI4Nw@@._V1_SX300.jpg,tt1446714,movie,09 Oct 2012,"$126,464,904",20th Century Fox,http://www.prometheus-movie.com/
2017-09-06,1927,Metropolis,https://letterboxd.com/film/metropolis/,Fritz Lang,"Drama, Sci-Fi","Thea von Harbou (screenplay), Thea von Harbou (novel)","Alfred Abel, Gustav Fröhlich, Rudolf Klein-Rogge, Fritz Rasp","In a futuristic city sharply divided between the working class and the city planners, the son of the city's mastermind falls in love with a working class prophet who predicts the coming of a savior to mediate their differences.",German,Germany,6 wins & 4 nominations.,https://images-na.ssl-images-amazon.com/images/M/MV5BMTg5YWIyMWUtZDY5My00Zjc1LTljOTctYmI0MWRmY2M2NmRkXkEyXkFqcGdeQXVyMTMxODk2OTU@._V1_SX300.jpg,tt0017136,movie,18 Feb 2003,"$529,603",Paramount Pictures,http://www.kino.com/metropolis
2017-09-06,1987,RoboCop,https://letterboxd.com/film/robocop/,Paul Verhoeven,"Action, Crime, Sci-Fi","Edward Neumeier, Michael Miner","Peter Weller, Nancy Allen, Dan O'Herlihy, Ronny Cox","In a dystopic and crime-ridden Detroit, a terminally wounded cop returns to the force as a powerful cyborg haunted by submerged memories.",English,USA,Nominated for 2 Oscars. Another 11 wins & 10 nominations.,https://images-na.ssl-images-amazon.com/images/M/MV5BZWVlYzU2ZjQtZmNkMi00OTc3LTkwZmYtZDVjNmY4OWFmZGJlXkEyXkFqcGdeQXVyMTQxNzMzNDI@._V1_SX300.jpg,tt0093870,movie,02 Oct 2001,N/A,Orion Pictures Corporation,https://www.facebook.com/RobocopMovie
2017-09-06,2014,Big Hero 6,https://letterboxd.com/film/big-hero-6/,"Don Hall, Chris Williams","Animation, Action, Adventure","Jordan Roberts (screenplay by), Robert L. Baird (screenplay by), Daniel Gerson (screenplay by), Man of Action (Big Hero 6 team and characters created by), Steven T. Seagle (characters), Duncan Rouleau (characters), Joe Kelly (characters), Joe Casey (characters)","Scott Adsit, Ryan Potter, Daniel Henney, T.J. Miller","The special bond that develops between plus-sized inflatable robot Baymax, and prodigy Hiro Hamada, who team up with a group of friends to form a band of high-tech heroes.",English,USA,Won 1 Oscar. Another 16 wins & 57 nominations.,https://images-na.ssl-images-amazon.com/images/M/MV5BMDliOTIzNmUtOTllOC00NDU3LWFiNjYtMGM0NDc1YTMxNjYxXkEyXkFqcGdeQXVyNTM3NzExMDQ@._V1_SX300.jpg,tt2245084,movie,24 Feb 2015,N/A,Walt Disney Pictures,http://www.disney.com/BigHero6
2017-09-06,2014,Interstellar,https://letterboxd.com/film/interstellar/,Christopher Nolan,"Adventure, Drama, Sci-Fi","Jonathan Nolan, Christopher Nolan","Ellen Burstyn, Matthew McConaughey, Mackenzie Foy, John Lithgow",A team of explorers travel through a wormhole in space in an attempt to ensure humanity's survival.,English,"USA, UK, Canada, Iceland",Won 1 Oscar. Another 43 wins & 143 nominations.,https://images-na.ssl-images-amazon.com/images/M/MV5BZjdkOTU3MDktN2IxOS00OGEyLWFmMjktY2FiMmZkNWIyODZiXkEyXkFqcGdeQXVyMTMxODk2OTU@._V1_SX300.jpg,tt0816692,movie,31 Mar 2015,"$158,737,441",Paramount Pictures,http://www.InterstellarMovie.com/
2017-09-06,2009,Moon,https://letterboxd.com/film/moon/,Duncan Jones,"Drama, Mystery, Sci-Fi","Duncan Jones (story), Nathan Parker","Sam Rockwell, Kevin Spacey, Dominique McElligott, Rosie Shaw","Astronaut Sam Bell has a quintessentially personal encounter toward the end of his three-year stint on the Moon, where he, working alongside his computer, GERTY, sends back to Earth parcels of a resource that has helped diminish our planet's power problems.","English, Spanish",UK,Won 1 BAFTA Film Award. Another 26 wins & 33 nominations.,https://images-na.ssl-images-amazon.com/images/M/MV5BMTgzODgyNTQwOV5BMl5BanBnXkFtZTcwNzc0NTc0Mg@@._V1_SX300.jpg,tt1182345,movie,12 Jan 2010,"$4,785,434",Sony Pictures Classics,http://www.moon-movie.com
2017-09-06,1995,Ghost in the Shell,https://letterboxd.com/film/ghost-in-the-shell/,Mamoru Oshii,"Animation, Action, Crime","Shirow Masamune (based on the manga by), Kazunori Itô (screenplay)","Atsuko Tanaka, Akio Ôtsuka, Kôichi Yamadera, Yutaka Nakano",A cyborg policewoman and her partner hunt a mysterious and powerful hacker called the Puppet Master.,Japanese,"Japan, UK",5 wins & 2 nominations.,https://images-na.ssl-images-amazon.com/images/M/MV5BYWRiYjQyOGItNzQ1Mi00MGI1LWE3NjItNTg1ZDQwNjUwNDM2XkEyXkFqcGdeQXVyNTAyODkwOQ@@._V1_SX300.jpg,tt0113568,movie,18 Nov 2003,N/A,Palm Pictures,N/A
2017-09-06,1977,Close Encounters of the Third Kind,https://letterboxd.com/film/close-encounters-of-the-third-kind/,Steven Spielberg,"Drama, Sci-Fi",Steven Spielberg,"Richard Dreyfuss, François Truffaut, Teri Garr, Melinda Dillon","After an accidental encounter with otherworldly vessels, an ordinary man follows a series of psychic clues to the first scheduled meeting between representatives of Earth and visitors from the cosmos.","English, French, Spanish, Hindi",USA,Won 1 Oscar. Another 14 wins & 37 nominations.,https://images-na.ssl-images-amazon.com/images/M/MV5BMjM1NjE5NjQxN15BMl5BanBnXkFtZTgwMjYzMzQxMDE@._V1_SX300.jpg,tt0075860,movie,13 Nov 2007,N/A,Sony Pictures Releasing,N/A
2017-09-06,2015,Me and Earl and the Dying Girl,https://letterboxd.com/film/me-and-earl-and-the-dying-girl/,Alfonso Gomez-Rejon,"Comedy, Drama","Jesse Andrews (screenplay by), Jesse Andrews (based on the novel by)","Thomas Mann, RJ Cyler, Olivia Cooke, Nick Offerman","High schooler Greg, who spends most of his time making parodies of classic movies with his co-worker Earl, finds his outlook forever altered after befriending a classmate who has just been diagnosed with cancer.",English,USA,17 wins & 29 nominations.,https://images-na.ssl-images-amazon.com/images/M/MV5BNTA1NzUzNjY4MV5BMl5BanBnXkFtZTgwNDU0MDI0NTE@._V1_SX300.jpg,tt2582496,movie,06 Oct 2015,N/A,Fox Searchlight,http://MeAndEarlMovie.com
2017-09-06,2007,No Country for Old Men,https://letterboxd.com/film/no-country-for-old-men/,"Ethan Coen, Joel Coen","Crime, Drama, Thriller","Joel Coen (screenplay), Ethan Coen (screenplay), Cormac McCarthy (novel)","Tommy Lee Jones, Javier Bardem, Josh Brolin, Woody Harrelson",Violence and mayhem ensue after a hunter stumbles upon a drug deal gone wrong and more than two million dollars in cash near the Rio Grande.,"English, Spanish",USA,Won 4 Oscars. Another 156 wins & 132 nominations.,https://images-na.ssl-images-amazon.com/images/M/MV5BMjA5Njk3MjM4OV5BMl5BanBnXkFtZTcwMTc5MTE1MQ@@._V1_SX300.jpg,tt0477348,movie,07 Apr 2009,"$74,223,625",Miramax Films,http://www.nocountryforoldmen-themovie.com
2017-09-06,2011,Drive,https://letterboxd.com/film/drive-2011/,Nicolas Winding Refn,"Crime, Drama","Hossein Amini (screenplay), James Sallis (book)","Ryan Gosling, Carey Mulligan, Bryan Cranston, Albert Brooks",A mysterious Hollywood stuntman and mechanic moonlights as a getaway driver and finds himself in trouble when he helps out his neighbor.,"English, Spanish",USA,Nominated for 1 Oscar. Another 77 wins & 170 nominations.,https://images-na.ssl-images-amazon.com/images/M/MV5BZjY5ZjQyMjMtMmEwOC00Nzc2LTllYTItMmU2MzJjNTg1NjY0XkEyXkFqcGdeQXVyNjQ1MTMzMDQ@._V1_SX300.jpg,tt0780504,movie,31 Jan 2012,"$34,300,000",FilmDistrict,http://www.drive-movie.com/
2017-09-06,2009,Avatar,https://letterboxd.com/film/avatar/,James Cameron,"Action, Adventure, Fantasy",James Cameron,"Sam Worthington, Zoe Saldana, Sigourney Weaver, Stephen Lang",A paraplegic marine dispatched to the moon Pandora on a unique mission becomes torn between following his orders and protecting the world he feels is his home.,"English, Spanish","UK, USA",Won 3 Oscars. Another 85 wins & 128 nominations.,https://images-na.ssl-images-amazon.com/images/M/MV5BMTYwOTEwNjAzMl5BMl5BanBnXkFtZTcwODc5MTUwMw@@._V1_SX300.jpg,tt0499549,movie,22 Apr 2010,"$749,700,000",20th Century Fox,http://www.avatarmovie.com/
2017-09-06,1997,Titanic,https://letterboxd.com/film/titanic-1997/,James Cameron,"Drama, Romance",James Cameron,"Leonardo DiCaprio, Kate Winslet, Billy Zane, Kathy Bates","A seventeen-year-old aristocrat falls in love with a kind but poor artist aboard the luxurious, ill-fated R.M.S. Titanic.","English, Swedish",USA,Won 11 Oscars. Another 111 wins & 75 nominations.,https://images-na.ssl-images-amazon.com/images/M/MV5BMDdmZGU3NDQtY2E5My00ZTliLWIzOTUtMTY4ZGI1YjdiNjk3XkEyXkFqcGdeQXVyNTA4NzY1MzY@._V1_SX300.jpg,tt0120338,movie,10 Sep 2012,N/A,Paramount Pictures,http://www.titanicmovie.com/
2017-09-06,2015,Star Wars: The Force Awakens,https://letterboxd.com/film/star-wars-the-force-awakens/,J.J. Abrams,"Action, Adventure, Fantasy","Lawrence Kasdan, J.J. Abrams, Michael Arndt, George Lucas (based on characters created by)","Harrison Ford, Mark Hamill, Carrie Fisher, Adam Driver","Three decades after the Empire's defeat, a new threat arises in the militant First Order. Stormtrooper defector Finn and the scavenger Rey are caught up in the Resistance's search for the missing Luke Skywalker.",English,USA,Nominated for 5 Oscars. Another 57 wins & 123 nominations.,https://images-na.ssl-images-amazon.com/images/M/MV5BOTAzODEzNDAzMl5BMl5BanBnXkFtZTgwMDU1MTgzNzE@._V1_SX300.jpg,tt2488496,movie,05 Apr 2016,"$936,658,640",Walt Disney Pictures,http://starwars.com/
2017-09-06,2015,Jurassic World,https://letterboxd.com/film/jurassic-world/,Colin Trevorrow,"Action, Adventure, Sci-Fi","Rick Jaffa (screenplay by), Amanda Silver (screenplay by), Colin Trevorrow (screenplay by), Derek Connolly (screenplay by), Rick Jaffa (story by), Amanda Silver (story by), Michael Crichton (based on the characters created by)","Chris Pratt, Bryce Dallas Howard, Irrfan Khan, Vincent D'Onofrio","A new theme park, built on the original site of Jurassic Park, creates a genetically modified hybrid dinosaur, which escapes containment and goes on a killing spree.",English,USA,14 wins & 57 nominations.,https://images-na.ssl-images-amazon.com/images/M/MV5BNWEyNTE0YTEtY2FkMi00MmY3LTg4MWMtODdjYjRkNGM4ZTZhXkEyXkFqcGdeQXVyMzI0NDc4ODY@._V1_SX300.jpg,tt0369610,movie,20 Oct 2015,"$528,757,749",Universal Pictures,http://www.jurassicworldmovie.com/
2017-09-06,2012,The Avengers,https://letterboxd.com/film/the-avengers-2012/,Joss Whedon,"Action, Adventure, Sci-Fi","Joss Whedon (screenplay), Zak Penn (story), Joss Whedon (story)","Robert Downey Jr., Chris Evans, Mark Ruffalo, Chris Hemsworth",Earth's mightiest heroes must come together and learn to fight as a team if they are going to stop the mischievous Loki and his alien army from enslaving humanity.,"English, Russian, Hindi",USA,Nominated for 1 Oscar. Another 38 wins & 79 nominations.,https://images-na.ssl-images-amazon.com/images/M/MV5BMTk2NTI1MTU4N15BMl5BanBnXkFtZTcwODg0OTY0Nw@@._V1_SX300.jpg,tt0848228,movie,25 Sep 2012,"$623,279,547",Walt Disney Pictures,http://marvel.com/avengers_movie
2017-09-06,2013,Frozen,https://letterboxd.com/film/frozen-2013/,"Chris Buck, Jennifer Lee","Animation, Adventure, Comedy","Jennifer Lee (screenplay by), Hans Christian Andersen (story inspired by ""The Snow Queen"" by), Chris Buck (story by), Jennifer Lee (story by), Shane Morris (story by)","Kristen Bell, Idina Menzel, Jonathan Groff, Josh Gad","When the newly crowned Queen Elsa accidentally uses her power to turn things into ice to curse her home in infinite winter, her sister, Anna, teams up with a mountain man, his playful reindeer, and a snowman to change the weather condition.","English, Norwegian",USA,Won 2 Oscars. Another 77 wins & 57 nominations.,https://images-na.ssl-images-amazon.com/images/M/MV5BMTQ1MjQwMTE5OF5BMl5BanBnXkFtZTgwNjk3MTcyMDE@._V1_SX300.jpg,tt2294629,movie,18 Mar 2014,"$400,736,600",Walt Disney Pictures,http://www.disney.com/frozen
2017-09-06,2013,Iron Man 3,https://letterboxd.com/film/iron-man-3/,Shane Black,"Action, Adventure, Sci-Fi","Drew Pearce (screenplay by), Shane Black (screenplay by), Stan Lee (based on the Marvel comic book by), Don Heck (based on the Marvel comic book by), Larry Lieber (based on the Marvel comic book by), Jack Kirby (based on the Marvel comic book by), Warren Ellis (based on the ""Extremis"" mini-series written by), Adi Granov (based on the ""Extremis"" mini-series illustrated by)","Robert Downey Jr., Gwyneth Paltrow, Don Cheadle, Guy Pearce","When Tony Stark's world is torn apart by a formidable terrorist called the Mandarin, he starts an odyssey of rebuilding and retribution.",English,"China, USA",Nominated for 1 Oscar. Another 17 wins & 61 nominations.,https://images-na.ssl-images-amazon.com/images/M/MV5BMTkzMjEzMjY1M15BMl5BanBnXkFtZTcwNTMxOTYyOQ@@._V1_SX300.jpg,tt1300854,movie,24 Sep 2013,"$408,992,272",Walt Disney Pictures,http://IronManMovie3.com
2017-09-06,2015,Minions,https://letterboxd.com/film/minions/,"Kyle Balda, Pierre Coffin","Animation, Action, Adventure",Brian Lynch,"Sandra Bullock, Jon Hamm, Michael Keaton, Allison Janney","Minions Stuart, Kevin, and Bob are recruited by Scarlet Overkill, a supervillain who, alongside her inventor husband Herb, hatches a plot to take over the world.","English, Spanish",USA,Nominated for 1 BAFTA Film Award. Another 4 wins & 24 nominations.,https://images-na.ssl-images-amazon.com/images/M/MV5BMTg2MTMyMzU0M15BMl5BanBnXkFtZTgwOTU3ODk4NTE@._V1_SX300.jpg,tt2293640,movie,08 Dec 2015,"$277,969,969",Universal Pictures,http://www.minionsmovie.com/
2017-09-06,2012,Skyfall,https://letterboxd.com/film/skyfall/,Sam Mendes,"Action, Adventure, Thriller","Neal Purvis, Robert Wade, John Logan, Ian Fleming (characters)","Daniel Craig, Judi Dench, Javier Bardem, Ralph Fiennes","Bond's loyalty to M is tested when her past comes back to haunt her. When MI6 comes under attack, 007 must track down and destroy the threat, no matter how personal the cost.",English,"UK, USA",Won 2 Oscars. Another 65 wins & 119 nominations.,https://images-na.ssl-images-amazon.com/images/M/MV5BNDVhZmJiYWMtNmIzMC00ZWNiLTkzZDYtNGNlZmViMGM4OGExXkEyXkFqcGdeQXVyNTIzOTk5ODM@._V1_SX300.jpg,tt1074638,movie,11 Mar 2013,"$299,300,000",MGM,http://www.007.com
2017-09-06,2003,The Lord of the Rings: The Return of the King,https://letterboxd.com/film/the-lord-of-the-rings-the-return-of-the-king/,Peter Jackson,"Adventure, Drama, Fantasy","J.R.R. Tolkien (novel), Fran Walsh (screenplay), Philippa Boyens (screenplay), Peter Jackson (screenplay)","Noel Appleby, Ali Astin, Sean Astin, David Aston",Gandalf and Aragorn lead the World of Men against Sauron's army to draw his gaze from Frodo and Sam as they approach Mount Doom with the One Ring.,"English, Quenya, Old English, Sindarin","USA, New Zealand",Won 11 Oscars. Another 197 wins & 122 nominations.,https://images-na.ssl-images-amazon.com/images/M/MV5BYWY1ZWQ5YjMtMDE0MS00NWIzLWE1M2YtODYzYTk2OTNlYWZmXkEyXkFqcGdeQXVyNDUyOTg3Njg@._V1_SX300.jpg,tt0167260,movie,25 May 2004,"$364,000,000",New Line Cinema,http://www.lordoftherings.net/
2017-09-06,2012,The Dark Knight Rises,https://letterboxd.com/film/the-dark-knight-rises/,Christopher Nolan,"Action, Thriller","Jonathan Nolan (screenplay), Christopher Nolan (screenplay), Christopher Nolan (story), David S. Goyer (story), Bob Kane (characters)","Christian Bale, Gary Oldman, Tom Hardy, Joseph Gordon-Levitt","Eight years after the Joker's reign of anarchy, Batman, with the help of the enigmatic Catwoman, is forced from his exile to save Gotham City, now on the edge of total annihilation, from the brutal guerrilla terrorist Bane.","English, Arabic","UK, USA",Nominated for 1 BAFTA Film Award. Another 38 wins & 101 nominations.,https://images-na.ssl-images-amazon.com/images/M/MV5BMTk4ODQzNDY3Ml5BMl5BanBnXkFtZTcwODA0NTM4Nw@@._V1_SX300.jpg,tt1345836,movie,03 Dec 2012,"$448,130,642",Warner Bros. Pictures,http://www.thedarkknightrises.com/
2017-09-06,2010,Toy Story 3,https://letterboxd.com/film/toy-story-3/,Lee Unkrich,"Animation, Adventure, Comedy","John Lasseter (story by), Andrew Stanton (story by), Lee Unkrich (story by), Michael Arndt (screenplay by)","Tom Hanks, Tim Allen, Joan Cusack, Ned Beatty","The toys are mistakenly delivered to a day-care center instead of the attic right before Andy leaves for college, and it's up to Woody to convince the other toys that they weren't abandoned and to return home.","English, Spanish",USA,Won 2 Oscars. Another 58 wins & 91 nominations.,https://images-na.ssl-images-amazon.com/images/M/MV5BMTgxOTY4Mjc0MF5BMl5BanBnXkFtZTcwNTA4MDQyMw@@._V1_SX300.jpg,tt0435761,movie,02 Nov 2010,"$414,984,497",Walt Disney Pictures,http://www.disney.com/ToyStory
2017-09-06,2006,Pirates of the Caribbean: Dead Man's Chest,https://letterboxd.com/film/pirates-of-the-caribbean-dead-mans-chest/,Gore Verbinski,"Action, Adventure, Fantasy","Ted Elliott, Terry Rossio, Ted Elliott (characters), Terry Rossio (characters), Stuart Beattie (characters), Jay Wolpert (characters)","Johnny Depp, Orlando Bloom, Keira Knightley, Jack Davenport","Jack Sparrow races to recover the heart of Davy Jones to avoid enslaving his soul to Jones' service, as other friends and foes seek the heart for their own agenda as well.","English, Turkish, Greek, Mandarin, French",USA,Won 1 Oscar. Another 42 wins & 53 nominations.,https://images-na.ssl-images-amazon.com/images/M/MV5BMTcwODc1MTMxM15BMl5BanBnXkFtZTYwMDg1NzY3._V1_SX300.jpg,tt0383574,movie,05 Dec 2006,"$423,032,628",Buena Vista,http://pirates.movies.com
2017-09-06,2016,Rogue One: A Star Wars Story,https://letterboxd.com/film/rogue-one-a-star-wars-story/,Gareth Edwards,"Action, Adventure, Sci-Fi","Chris Weitz (screenplay by), Tony Gilroy (screenplay by), John Knoll (story by), Gary Whitta (story by), George Lucas (based on characters created by)","Felicity Jones, Diego Luna, Alan Tudyk, Donnie Yen",The daughter of an Imperial scientist joins the Rebel Alliance in a risky move to steal the Death Star plans.,English,USA,Nominated for 2 Oscars. Another 23 wins & 78 nominations.,https://images-na.ssl-images-amazon.com/images/M/MV5BMjEwMzMxODIzOV5BMl5BanBnXkFtZTgwNzg3OTAzMDI@._V1_SX300.jpg,tt3748528,movie,04 Apr 2017,"$532,171,696",Walt Disney Pictures,http://www.starwars.com/
2017-09-06,2011,Pirates of the Caribbean: On Stranger Tides,https://letterboxd.com/film/pirates-of-the-caribbean-on-stranger-tides/,Rob Marshall,"Action, Adventure, Fantasy","Ted Elliott (screenplay), Terry Rossio (screenplay), Ted Elliott (screen story), Terry Rossio (screen story), Ted Elliott (characters), Terry Rossio (characters), Stuart Beattie (characters), Jay Wolpert (characters), Tim Powers (novel)","Johnny Depp, Penélope Cruz, Geoffrey Rush, Ian McShane","Jack Sparrow and Barbossa embark on a quest to find the elusive fountain of youth, only to discover that Blackbeard and his daughter are after it too.","English, Spanish","USA, UK",2 wins & 31 nominations.,https://images-na.ssl-images-amazon.com/images/M/MV5BMjE5MjkwODI3Nl5BMl5BanBnXkFtZTcwNjcwMDk4NA@@._V1_SX300.jpg,tt1298650,movie,18 Oct 2011,"$241,063,875",Walt Disney Pictures,http://Disney.com/Pirates
2017-09-06,1993,Jurassic Park,https://letterboxd.com/film/jurassic-park/,Steven Spielberg,"Adventure, Sci-Fi, Thriller","Michael Crichton (novel), Michael Crichton (screenplay), David Koepp (screenplay)","Sam Neill, Laura Dern, Jeff Goldblum, Richard Attenborough","During a preview tour, a theme park suffers a major power breakdown that allows its cloned dinosaur exhibits to run amok.","English, Spanish",USA,Won 3 Oscars. Another 31 wins & 21 nominations.,https://images-na.ssl-images-amazon.com/images/M/MV5BMjM2MDgxMDg0Nl5BMl5BanBnXkFtZTgwNTM2OTM5NDE@._V1_SX300.jpg,tt0107290,movie,10 Oct 2000,"$45,299,680",Universal City Studios,http://www.jurassicpark.com/maingate_flash.html
2017-09-06,2016,Finding Dory,https://letterboxd.com/film/finding-dory/,"Andrew Stanton, Angus MacLane(co-director)","Animation, Adventure, Comedy","Andrew Stanton (original story by), Andrew Stanton (screenplay by), Victoria Strouse (screenplay by), Bob Peterson (additional screenplay material by), Angus MacLane (additional story material by)","Ellen DeGeneres, Albert Brooks, Ed O'Neill, Kaitlin Olson","The friendly but forgetful blue tang fish, Dory, begins a search for her long-lost parents, and everyone learns a few things about the real meaning of family along the way.","English, Indonesian",USA,Nominated for 1 BAFTA Film Award. Another 15 wins & 42 nominations.,https://images-na.ssl-images-amazon.com/images/M/MV5BNzg4MjM2NDQ4MV5BMl5BanBnXkFtZTgwMzk3MTgyODE@._V1_SX300.jpg,tt2277860,movie,15 Nov 2016,"$486,292,984",Walt Disney Pictures/PIXAR,http://movies.disney.com/finding-dory
2017-09-06,1999,Star Wars: Episode I - The Phantom Menace,https://letterboxd.com/film/star-wars-episode-i-the-phantom-menace/,George Lucas,"Action, Adventure, Fantasy",George Lucas,"Liam Neeson, Ewan McGregor, Natalie Portman, Jake Lloyd","Two Jedi Knights escape a hostile blockade to find allies and come across a young boy who may bring balance to the Force, but the long dormant Sith resurface to claim their old glory.",English,USA,Nominated for 3 Oscars. Another 26 wins & 62 nominations.,https://images-na.ssl-images-amazon.com/images/M/MV5BYTRhNjcwNWQtMGJmMi00NmQyLWE2YzItODVmMTdjNWI0ZDA2XkEyXkFqcGdeQXVyNTAyODkwOQ@@._V1_SX300.jpg,tt0120915,movie,16 Oct 2001,"$431,000,000",20th Century Fox,http://www.starwars.com/episode-i/
2017-09-06,2010,Alice in Wonderland,https://letterboxd.com/film/alice-in-wonderland-2010/,Tim Burton,"Adventure, Family, Fantasy","Linda Woolverton (screenplay), Lewis Carroll (books)","Johnny Depp, Mia Wasikowska, Helena Bonham Carter, Anne Hathaway","Nineteen-year-old Alice returns to the magical world from her childhood adventure, where she reunites with her old friends and learns of her true destiny: to end the Red Queen's reign of terror.",English,USA,Won 2 Oscars. Another 32 wins & 63 nominations.,https://images-na.ssl-images-amazon.com/images/M/MV5BMTMwNjAxMTc0Nl5BMl5BanBnXkFtZTcwODc3ODk5Mg@@._V1_SX300.jpg,tt1014759,movie,01 Jun 2010,"$319,323,000",Walt Disney Pictures,http://disney.go.com/disneypictures/aliceinwonderland/
2017-09-06,2012,The Hobbit: An Unexpected Journey,https://letterboxd.com/film/the-hobbit-an-unexpected-journey/,Peter Jackson,"Adventure, Family, Fantasy","Fran Walsh (screenplay), Philippa Boyens (screenplay), Peter Jackson (screenplay), Guillermo del Toro (screenplay), J.R.R. Tolkien (novel)","Ian McKellen, Martin Freeman, Richard Armitage, Ken Stott","A reluctant Hobbit, Bilbo Baggins, sets out to the Lonely Mountain with a spirited group of dwarves to reclaim their mountain home, and the gold within it from the dragon Smaug.",English,"USA, New Zealand",Nominated for 3 Oscars. Another 10 wins & 72 nominations.,https://images-na.ssl-images-amazon.com/images/M/MV5BMTcwNTE4MTUxMl5BMl5BanBnXkFtZTcwMDIyODM4OA@@._V1_SX300.jpg,tt0903624,movie,19 Mar 2013,"$303,001,229",Warner Bros.,http://www.thehobbit.com/index.html
2017-09-06,2008,The Dark Knight,https://letterboxd.com/film/the-dark-knight/,Christopher Nolan,"Action, Crime, Drama","Jonathan Nolan (screenplay), Christopher Nolan (screenplay), Christopher Nolan (story), David S. Goyer (story), Bob Kane (characters)","Christian Bale, Heath Ledger, Aaron Eckhart, Michael Caine","When the menace known as the Joker emerges from his mysterious past, he wreaks havoc and chaos on the people of Gotham, the Dark Knight must accept one of the greatest psychological and physical tests of his ability to fight injustice.","English, Mandarin","USA, UK",Won 2 Oscars. Another 151 wins & 154 nominations.,https://images-na.ssl-images-amazon.com/images/M/MV5BMTMxNTMwODM0NF5BMl5BanBnXkFtZTcwODAyMTk2Mw@@._V1_SX300.jpg,tt0468569,movie,09 Dec 2008,"$533,316,061",Warner Bros. Pictures/Legendary,http://thedarkknight.warnerbros.com/
2017-09-06,1994,The Lion King,https://letterboxd.com/film/the-lion-king/,"Roger Allers, Rob Minkoff","Animation, Adventure, Drama","Irene Mecchi (screenplay by), Jonathan Roberts (screenplay by), Linda Woolverton (screenplay by), Burny Mattinson (story), Barry Johnson (story), Lorna Cook (story), Thom Enriquez (story), Andy Gaskill (story), Gary Trousdale (story), Jim Capobianco (story), Kevin Harkey (story), Jorgen Klubien (story), Chris Sanders (story), Tom Sito (story), Larry Leker (story), Joe Ranft (story), Rick Maki (story), Ed Gombert (story), Francis Glebas (story), Mark Kausler (story), J.T. Allen (additional story material), George Scribner (additional story material), Miguel Tejada-Flores (additional story material), Jenny Tripp (additional story material), Bob Tzudiker (additional story material), Christopher Vogler (additional story material), Kirk Wise (additional story material), Noni White (additional story material), Brenda Chapman (story supervisor)","Rowan Atkinson, Matthew Broderick, Niketa Calame, Jim Cummings",Lion cub and future king Simba searches for his identity. His eagerness to please others and penchant for testing his boundaries sometimes gets him into trouble.,"English, Swahili, Xhosa, Zulu",USA,Won 2 Oscars. Another 33 wins & 29 nominations.,https://images-na.ssl-images-amazon.com/images/M/MV5BYTYxNGMyZTYtMjE3MS00MzNjLWFjNmYtMDk3N2FmM2JiM2M1XkEyXkFqcGdeQXVyNjY5NDU4NzI@._V1_SX300.jpg,tt0110357,movie,07 Oct 2003,"$94,240,635",Buena Vista,http://disney.go.com/lionking/
2017-09-06,2007,Pirates of the Caribbean: At World's End,https://letterboxd.com/film/pirates-of-the-caribbean-at-worlds-end/,Gore Verbinski,"Action, Adventure, Fantasy","Ted Elliott, Terry Rossio, Ted Elliott (characters), Terry Rossio (characters), Stuart Beattie (characters), Jay Wolpert (characters)","Johnny Depp, Geoffrey Rush, Orlando Bloom, Keira Knightley","Captain Barbossa, Will Turner and Elizabeth Swann must sail off the edge of the map, navigate treachery and betrayal, find Jack Sparrow, and make their final alliances for one last decisive battle.",English,USA,Nominated for 2 Oscars. Another 20 wins & 44 nominations.,https://images-na.ssl-images-amazon.com/images/M/MV5BMjIyNjkxNzEyMl5BMl5BanBnXkFtZTYwMjc3MDE3._V1_SX300.jpg,tt0449088,movie,04 Dec 2007,"$309,404,152",Buena Vista,http://disney.go.com/disneypictures/pirates/atworldsend/
2017-09-06,2013,The Hobbit: The Desolation of Smaug,https://letterboxd.com/film/the-hobbit-the-desolation-of-smaug/,Peter Jackson,"Adventure, Fantasy","Fran Walsh (screenplay), Philippa Boyens (screenplay), Peter Jackson (screenplay), Guillermo del Toro (screenplay), J.R.R. Tolkien (novel)","Ian McKellen, Martin Freeman, Richard Armitage, Ken Stott","The dwarves, along with Bilbo Baggins and Gandalf the Grey, continue their quest to reclaim Erebor, their homeland, from Smaug. Bilbo Baggins is in possession of a mysterious and magical ring.",English,"USA, New Zealand",Nominated for 3 Oscars. Another 16 wins & 86 nominations.,https://images-na.ssl-images-amazon.com/images/M/MV5BMzU0NDY0NDEzNV5BMl5BanBnXkFtZTgwOTIxNDU1MDE@._V1_SX300.jpg,tt1170358,movie,08 Apr 2014,"$180,443,783",Warner Bros.,http://www.thehobbit.com/index.html
2017-09-06,2002,The Lord of the Rings: The Two Towers,https://letterboxd.com/film/the-lord-of-the-rings-the-two-towers/,Peter Jackson,"Adventure, Drama, Fantasy","J.R.R. Tolkien (novel), Fran Walsh (screenplay), Philippa Boyens (screenplay), Stephen Sinclair (screenplay), Peter Jackson (screenplay)","Bruce Allpress, Sean Astin, John Bach, Sala Baker","While Frodo and Sam edge closer to Mordor with the help of the shifty Gollum, the divided fellowship makes a stand against Sauron's new ally, Saruman, and his hordes of Isengard.","English, Sindarin, Old English","USA, New Zealand",Won 2 Oscars. Another 118 wins & 138 nominations.,https://images-na.ssl-images-amazon.com/images/M/MV5BMDY0NmI4ZjctN2VhZS00YzExLTkyZGItMTJhOTU5NTg4MDU4XkEyXkFqcGdeQXVyNjU0OTQ0OTY@._V1_SX300.jpg,tt0167261,movie,26 Aug 2003,"$339,700,000",New Line Cinema,http://www.lordoftherings.net/
2017-09-06,2007,Spider-Man 3,https://letterboxd.com/film/spider-man-3/,Sam Raimi,"Action, Adventure, Sci-Fi","Sam Raimi (screenplay), Ivan Raimi (screenplay), Alvin Sargent (screenplay), Sam Raimi (screen story), Ivan Raimi (screen story), Stan Lee (Marvel comic book), Steve Ditko (Marvel comic book)","Tobey Maguire, Kirsten Dunst, James Franco, Thomas Haden Church","A strange black entity from another world bonds with Peter Parker and causes inner turmoil as he contends with new villains, temptations, and revenge.","English, French",USA,Nominated for 1 BAFTA Film Award. Another 3 wins & 32 nominations.,https://images-na.ssl-images-amazon.com/images/M/MV5BYTk3MDljOWQtNGI2My00OTEzLTlhYjQtOTQ4ODM2MzUwY2IwXkEyXkFqcGdeQXVyNTIzOTk5ODM@._V1_SX300.jpg,tt0413300,movie,30 Oct 2007,"$336,530,303",Sony Pictures,http://www.sonypictures.com/movies/spiderman3/site/
2017-09-06,2001,The Lord of the Rings: The Fellowship of the Ring,https://letterboxd.com/film/the-lord-of-the-rings-the-fellowship-of-the-ring/,Peter Jackson,"Adventure, Drama, Fantasy","J.R.R. Tolkien (novel), Fran Walsh (screenplay), Philippa Boyens (screenplay), Peter Jackson (screenplay)","Alan Howard, Noel Appleby, Sean Astin, Sala Baker",A meek Hobbit from the Shire and eight companions set out on a journey to destroy the powerful One Ring and save Middle-earth from the Dark Lord Sauron.,"English, Sindarin","New Zealand, USA",Won 4 Oscars. Another 113 wins & 124 nominations.,https://images-na.ssl-images-amazon.com/images/M/MV5BN2EyZjM3NzUtNWUzMi00MTgxLWI0NTctMzY4M2VlOTdjZWRiXkEyXkFqcGdeQXVyNDUzOTQ5MjY@._V1_SX300.jpg,tt0120737,movie,06 Aug 2002,"$314,000,000",New Line Cinema,http://www.lordoftherings.net/film/trilogy/thefellowship.html
2017-09-06,2005,Star Wars: Episode III - Revenge of the Sith,https://letterboxd.com/film/star-wars-episode-iii-revenge-of-the-sith/,George Lucas,"Action, Adventure, Fantasy",George Lucas,"Ewan McGregor, Natalie Portman, Hayden Christensen, Ian McDiarmid","Three years into the Clone Wars, the Jedi rescue Palpatine from Count Dooku. As Obi-Wan pursues a new threat, Anakin acts as a double agent between the Jedi Council and Palpatine and is lured into a sinister plan to rule the galaxy.",English,USA,Nominated for 1 Oscar. Another 25 wins & 56 nominations.,https://images-na.ssl-images-amazon.com/images/M/MV5BNTc4MTc3NTQ5OF5BMl5BanBnXkFtZTcwOTg0NjI4NA@@._V1_SX300.jpg,tt0121766,movie,01 Nov 2005,N/A,20th Century Fox,http://www.starwars.com/
2017-09-06,2010,Inception,https://letterboxd.com/film/inception/,Christopher Nolan,"Action, Adventure, Sci-Fi",Christopher Nolan,"Leonardo DiCaprio, Joseph Gordon-Levitt, Ellen Page, Tom Hardy","A thief, who steals corporate secrets through the use of dream-sharing technology, is given the inverse task of planting an idea into the mind of a CEO.","English, Japanese, French","USA, UK",Won 4 Oscars. Another 152 wins & 204 nominations.,https://images-na.ssl-images-amazon.com/images/M/MV5BMjAxMzY3NjcxNF5BMl5BanBnXkFtZTcwNTI5OTM0Mw@@._V1_SX300.jpg,tt1375666,movie,07 Dec 2010,"$292,568,851",Warner Bros. Pictures,http://inceptionmovie.warnerbros.com/
2017-09-06,1996,Independence Day,https://letterboxd.com/film/independence-day/,Roland Emmerich,"Action, Adventure, Sci-Fi","Dean Devlin, Roland Emmerich","Will Smith, Bill Pullman, Jeff Goldblum, Mary McDonnell","The aliens are coming and their goal is to invade and destroy Earth. Fighting superior technology, mankind's best weapon is the will to survive.",English,USA,Won 1 Oscar. Another 34 wins & 34 nominations.,https://images-na.ssl-images-amazon.com/images/M/MV5BMGQwNDNkMmItYWY1Yy00YTZmLWE5OTAtODU0MGZmMzQ1NDdkXkEyXkFqcGdeQXVyMTQxNzMzNDI@._V1_SX300.jpg,tt0116629,movie,27 Jun 2000,N/A,20th Century Fox,http://www.foxhome.com/id4dvd/html/index_flash.html
2017-09-06,2002,Spider-Man,https://letterboxd.com/film/spider-man/,Sam Raimi,"Action, Adventure, Sci-Fi","Stan Lee (Marvel comic book), Steve Ditko (Marvel comic book), David Koepp (screenplay)","Tobey Maguire, Willem Dafoe, Kirsten Dunst, James Franco","When bitten by a genetically modified spider, a nerdy, shy, and awkward high school student gains spider-like abilities that he eventually must use to fight evil as a superhero after tragedy befalls his family.",English,USA,Nominated for 2 Oscars. Another 15 wins & 58 nominations.,https://images-na.ssl-images-amazon.com/images/M/MV5BZDEyN2NhMjgtMjdhNi00MmNlLWE5YTgtZGE4MzNjMTRlMGEwXkEyXkFqcGdeQXVyNDUyOTg3Njg@._V1_SX300.jpg,tt0145487,movie,01 Nov 2002,"$403,706,375",Columbia Pictures,http://spiderman.sonypictures.com/
2017-09-06,1982,E.T. the Extra-Terrestrial,https://letterboxd.com/film/et-the-extra-terrestrial/,Steven Spielberg,"Family, Sci-Fi",Melissa Mathison,"Dee Wallace, Henry Thomas, Peter Coyote, Robert MacNaughton",A troubled child summons the courage to help a friendly alien escape Earth and return to his home world.,English,USA,Won 4 Oscars. Another 47 wins & 33 nominations.,https://images-na.ssl-images-amazon.com/images/M/MV5BMTQ2ODFlMDAtNzdhOC00ZDYzLWE3YTMtNDU4ZGFmZmJmYTczXkEyXkFqcGdeQXVyMTQxNzMzNDI@._V1_SX300.jpg,tt0083866,movie,22 Oct 2002,N/A,Universal Pictures,http://www.et20.com/
2017-09-06,2004,Spider-Man 2,https://letterboxd.com/film/spider-man-2/,Sam Raimi,"Action, Adventure, Sci-Fi","Stan Lee (comic book), Steve Ditko (comic book), Alfred Gough (screen story), Miles Millar (screen story), Michael Chabon (screen story), Alvin Sargent (screenplay)","Tobey Maguire, Kirsten Dunst, James Franco, Alfred Molina",Peter Parker is beset with troubles in his failing personal life as he battles a brilliant scientist named Doctor Otto Octavius.,"English, Russian, Chinese",USA,Won 1 Oscar. Another 23 wins & 59 nominations.,https://images-na.ssl-images-amazon.com/images/M/MV5BMzY2ODk4NmUtOTVmNi00ZTdkLTlmOWYtMmE2OWVhNTU2OTVkXkEyXkFqcGdeQXVyMTQxNzMzNDI@._V1_SX300.jpg,tt0316654,movie,30 Nov 2004,"$373,377,893",Sony Pictures,http://spiderman.sonypictures.com/
2017-09-06,2016,Deadpool,https://letterboxd.com/film/deadpool/,Tim Miller,"Action, Adventure, Comedy","Rhett Reese, Paul Wernick","Ryan Reynolds, Karan Soni, Ed Skrein, Michael Benyaer",A fast-talking mercenary with a morbid sense of humor is subjected to a rogue experiment that leaves him with accelerated healing powers and a quest for revenge.,English,USA,Nominated for 2 Golden Globes. Another 27 wins & 73 nominations.,https://images-na.ssl-images-amazon.com/images/M/MV5BMjQyODg5Njc4N15BMl5BanBnXkFtZTgwMzExMjE3NzE@._V1_SX300.jpg,tt1431045,movie,10 May 2016,"$328,674,489",20th Century Fox,http://www.foxmovies.com/deadpool
2017-09-06,2014,Guardians of the Galaxy,https://letterboxd.com/film/guardians-of-the-galaxy/,James Gunn,"Action, Adventure, Sci-Fi","James Gunn, Nicole Perlman, Dan Abnett (based on the Marvel comics by), Andy Lanning (based on the Marvel comics by), Bill Mantlo (character created by: Rocket Raccoon), Keith Giffen (character created by: Rocket Raccoon), Jim Starlin (characters created by: Drax the Destroyer,  Gamora & Thanos), Steve Englehart (character created by: Star-Lord), Steve Gan (character created by: Star-Lord), Steve Gerber (character created by: Howard the Duck), Val Mayerik (character created by: Howard the Duck)","Chris Pratt, Zoe Saldana, Dave Bautista, Vin Diesel",A group of intergalactic criminals are forced to work together to stop a fanatical warrior from taking control of the universe.,English,"USA, UK",Nominated for 2 Oscars. Another 52 wins & 99 nominations.,https://images-na.ssl-images-amazon.com/images/M/MV5BMTAwMjU5OTgxNjZeQTJeQWpwZ15BbWU4MDUxNDYxODEx._V1_SX300.jpg,tt2015381,movie,09 Dec 2014,"$270,592,504",Walt Disney Pictures,http://marvel.com/guardians
2017-09-06,2009,2012,https://letterboxd.com/film/2012/,Roland Emmerich,"Action, Adventure, Sci-Fi","Roland Emmerich, Harald Kloser","John Cusack, Amanda Peet, Chiwetel Ejiofor, Thandie Newton",A frustrated writer struggles to keep his family alive when a series of global catastrophes threatens to annihilate mankind.,"English, French, Tibetan, Mandarin, Russian, Hindi, Portuguese, Latin, Italian",USA,5 wins & 21 nominations.,https://images-na.ssl-images-amazon.com/images/M/MV5BMTY0MjEyODQzMF5BMl5BanBnXkFtZTcwMTczMjQ4Mg@@._V1_SX300.jpg,tt1190080,movie,02 Mar 2010,"$166,112,167",Sony Pictures/Columbia,http://www.whowillsurvive2012.com/
2017-09-06,2006,The Da Vinci Code,https://letterboxd.com/film/the-da-vinci-code/,Ron Howard,"Mystery, Thriller","Akiva Goldsman (screenplay), Dan Brown (novel)","Tom Hanks, Audrey Tautou, Ian McKellen, Jean Reno","A murder inside the Louvre, and clues in Da Vinci paintings, lead to the discovery of a religious mystery protected by a secret society for two thousand years, which could shake the foundations of Christianity.","English, French, Latin, Spanish","USA, Malta, France, UK",Nominated for 1 Golden Globe. Another 6 wins & 20 nominations.,https://images-na.ssl-images-amazon.com/images/M/MV5BMjIxMjQyMTc3Nl5BMl5BanBnXkFtZTcwMTA1MDUzMw@@._V1_SX300.jpg,tt0382625,movie,14 Nov 2006,"$217,536,138",Sony Pictures,http://www.thedavincicode-movie.com
2017-09-06,2012,The Amazing Spider-Man,https://letterboxd.com/film/the-amazing-spider-man/,Marc Webb,"Action, Adventure, Sci-Fi","James Vanderbilt (screenplay), Alvin Sargent (screenplay), Steve Kloves (screenplay), James Vanderbilt (story), Stan Lee (based on the Marvel comic book by), Steve Ditko (based on the Marvel comic book by)","Andrew Garfield, Emma Stone, Rhys Ifans, Denis Leary","After Peter Parker is bitten by a genetically altered spider, he gains newfound, spider-like powers and ventures out to solve the mystery of his parent's mysterious death.",English,USA,2 wins & 31 nominations.,https://images-na.ssl-images-amazon.com/images/M/MV5BMjMyOTM4MDMxNV5BMl5BanBnXkFtZTcwNjIyNzExOA@@._V1_SX300.jpg,tt0948470,movie,09 Nov 2012,"$262,030,663",Sony Pictures,http://www.theamazingspiderman.com/site/
2017-09-06,2014,X-Men: Days of Future Past,https://letterboxd.com/film/x-men-days-of-future-past/,Bryan Singer,"Action, Adventure, Sci-Fi","Simon Kinberg (screenplay by), Jane Goldman (story by), Simon Kinberg (story by), Matthew Vaughn (story by)","Hugh Jackman, James McAvoy, Michael Fassbender, Jennifer Lawrence",The X-Men send Wolverine to the past in a desperate effort to change history and prevent an event that results in doom for both humans and mutants.,"English, Vietnamese, French","USA, UK, Canada",Nominated for 1 Oscar. Another 15 wins & 47 nominations.,https://images-na.ssl-images-amazon.com/images/M/MV5BZGIzNWYzN2YtMjcwYS00YjQ3LWI2NjMtOTNiYTUyYjE2MGNkXkEyXkFqcGdeQXVyMTQxNzMzNDI@._V1_SX300.jpg,tt1877832,movie,14 Oct 2014,"$199,305,306",20th Century Fox,http://www.x-menmovies.com/
2017-09-06,2016,Suicide Squad,https://letterboxd.com/film/suicide-squad-2016/,David Ayer,"Action, Adventure, Fantasy",David Ayer,"Will Smith, Jaime FitzSimons, Ike Barinholtz, Margot Robbie",A secret government agency recruits some of the most dangerous incarcerated super-villains to form a defensive task force. Their first mission: save the world from the apocalypse.,"English, Japanese, Spanish",USA,Won 1 Oscar. Another 16 wins & 37 nominations.,https://images-na.ssl-images-amazon.com/images/M/MV5BMjM1OTMxNzUyM15BMl5BanBnXkFtZTgwNjYzMTIzOTE@._V1_SX300.jpg,tt1386697,movie,13 Dec 2016,"$325,021,779",Warner Bros. Pictures,http://www.suicidesquad.com/
2017-09-06,2003,The Matrix Reloaded,https://letterboxd.com/film/the-matrix-reloaded/,"Lana Wachowski, Lilly Wachowski","Action, Sci-Fi","Lilly Wachowski, Lana Wachowski, Lilly Wachowski (characters), Lana Wachowski (characters)","Ray Anthony, Christine Anu, Andy Arness, Alima Ashton-Sheibu","Neo and the rebel leaders estimate that they have 72 hours until 250,000 probes discover Zion and destroy it and its inhabitants. During this, Neo must decide how he can save Trinity from a dark fate in his dreams.","English, French","USA, Australia",8 wins & 31 nominations.,https://images-na.ssl-images-amazon.com/images/M/MV5BYzM3OGVkMjMtNDk3NS00NDk5LWJjZjUtYTVkZTIyNmQxNDMxXkEyXkFqcGdeQXVyNTAyODkwOQ@@._V1_SX300.jpg,tt0234215,movie,14 Oct 2003,"$281,500,000",Warner Bros. Pictures,http://whatisthematrix.warnerbros.com/
2017-09-06,2013,Monsters University,https://letterboxd.com/film/monsters-university/,Dan Scanlon,"Animation, Adventure, Comedy","Dan Scanlon (story by), Daniel Gerson (story by), Robert L. Baird (story by), Daniel Gerson (screenplay by), Robert L. Baird (screenplay by), Dan Scanlon (screenplay by), Adrian Molina (additional screenplay material by)","Billy Crystal, John Goodman, Steve Buscemi, Helen Mirren",A look at the relationship between Mike and Sulley during their days at Monsters University -- when they weren't necessarily the best of friends.,English,USA,Nominated for 1 BAFTA Film Award. Another 9 wins & 56 nominations.,https://images-na.ssl-images-amazon.com/images/M/MV5BMTUyODgwMDU3M15BMl5BanBnXkFtZTcwOTM4MjcxOQ@@._V1_SX300.jpg,tt1453405,movie,29 Oct 2013,"$260,300,000",Walt Disney Pictures,http://www.disney.com/MonstersUniversity
2017-09-06,2017,Spider-Man: Homecoming,https://letterboxd.com/film/spider-man-homecoming/,Jon Watts,"Action, Adventure, Sci-Fi","Jonathan Goldstein (screenplay by), John Francis Daley (screenplay by), Jon Watts (screenplay by), Christopher Ford (screenplay by), Chris McKenna (screenplay by), Erik Sommers (screenplay by), Jonathan Goldstein (screen story by), John Francis Daley (screen story by), Stan Lee (based on the Marvel comic book by), Steve Ditko (based on the Marvel comic book by), Joe Simon (character created by: Captain America), Jack Kirby (character created by: Captain America)","Tom Holland, Michael Keaton, Robert Downey Jr., Marisa Tomei","Peter Parker balances his life as an ordinary high school student in Queens with his superhero alter-ego Spider-Man, and finds himself on the trail of a new menace prowling the skies of New York City.","English, Spanish",USA,3 wins & 3 nominations.,https://images-na.ssl-images-amazon.com/images/M/MV5BNTk4ODQ1MzgzNl5BMl5BanBnXkFtZTgwMTMyMzM4MTI@._V1_SX300.jpg,tt2250912,movie,17 Oct 2017,"$334,166,825",Sony Pictures,http://www.sonypictures.com/movies/spidermanhomecoming/
2017-09-06,2009,Up,https://letterboxd.com/film/up/,"Pete Docter, Bob Peterson(co-director)","Animation, Adventure, Comedy","Pete Docter (story by), Bob Peterson (story by), Tom McCarthy (story by), Bob Peterson (screenplay by), Pete Docter (screenplay by)","Edward Asner, Christopher Plummer, Jordan Nagai, Bob Peterson","Seventy-eight year old Carl Fredricksen travels to Paradise Falls in his home equipped with balloons, inadvertently taking a young stowaway.",English,USA,Won 2 Oscars. Another 74 wins & 81 nominations.,https://images-na.ssl-images-amazon.com/images/M/MV5BMTk3NDE2NzI4NF5BMl5BanBnXkFtZTgwNzE1MzEyMTE@._V1_SX300.jpg,tt1049413,movie,10 Nov 2009,"$292,979,556",Walt Disney Pictures,http://Disney.com/UP
2017-09-06,2013,Gravity,https://letterboxd.com/film/gravity-2013/,Alfonso Cuarón,"Drama, Sci-Fi, Thriller","Alfonso Cuarón, Jonás Cuarón","Sandra Bullock, George Clooney, Ed Harris, Orto Ignatiussen",Two astronauts work together to survive after an accident which leaves them alone in space.,"English, Greenlandic","UK, USA",Won 7 Oscars. Another 232 wins & 175 nominations.,https://images-na.ssl-images-amazon.com/images/M/MV5BNjE5MzYwMzYxMF5BMl5BanBnXkFtZTcwOTk4MTk0OQ@@._V1_SX300.jpg,tt1454468,movie,25 Feb 2014,"$274,084,951",Warner Bros. Pictures,http://gravitymovie.warnerbros.com/
2018-01-18,1987,Evil Dead II,https://letterboxd.com/film/evil-dead-ii/,Sam Raimi,"Comedy, Horror","Sam Raimi, Scott Spiegel","Bruce Campbell, Sarah Berry, Dan Hicks, Kassie Wesley DePaiva",The lone survivor of an onslaught of flesh-possessing spirits holes up in a cabin with a group of strangers while the demons continue their attack.,"English, Latin",USA,5 nominations.,https://images-na.ssl-images-amazon.com/images/M/MV5BMTA4Nzg5MjMwNzFeQTJeQWpwZ15BbWU4MDA2NDg4MDcx._V1_SX300.jpg,tt0092991,movie,04 Aug 1998,N/A,Rosebud Communications Releasing,N/A
2018-01-18,1992,Army of Darkness,https://letterboxd.com/film/army-of-darkness/,Sam Raimi,"Comedy, Horror","Sam Raimi, Ivan Raimi","Bruce Campbell, Embeth Davidtz, Marcus Gilbert, Ian Abercrombie","A man is accidentally transported to 1300 A.D., where he must battle an army of the dead and retrieve the Necronomicon so he can return home.",English,USA,10 wins & 7 nominations.,https://images-na.ssl-images-amazon.com/images/M/MV5BODcyYzM4YTAtNGM5MS00NjU4LTk2Y2ItZjI5NjkzZTk0MmQ1XkEyXkFqcGdeQXVyNjU0OTQ0OTY@._V1_SX300.jpg,tt0106308,movie,06 Aug 2002,N/A,Universal Pictures,N/A
