Date,Name,Year,Letterboxd URI
2017-09-06,Dunkirk,2017,https://letterboxd.com/film/dunkirk-2017/
2017-09-06,Blade Runner,1982,https://letterboxd.com/film/blade-runner/
2017-09-06,Alien,1979,https://letterboxd.com/film/alien/
2017-09-06,Terminator 2: Judgment Day,1991,https://letterboxd.com/film/terminator-2-judgment-day/
2017-09-06,The Terminator,1984,https://letterboxd.com/film/the-terminator/
2017-09-06,Aliens,1986,https://letterboxd.com/film/aliens/
2017-09-06,Star Wars,1977,https://letterboxd.com/film/star-wars/
2017-09-06,2001: A Space Odyssey,1968,https://letterboxd.com/film/2001-a-space-odyssey/
2017-09-06,WALLÂ·E,2008,https://letterboxd.com/film/walle/
2017-09-06,Prometheus,2012,https://letterboxd.com/film/prometheus/
2017-09-06,Metropolis,1927,https://letterboxd.com/film/metropolis/
2017-09-06,RoboCop,1987,https://letterboxd.com/film/robocop/
2017-09-06,Big Hero 6,2014,https://letterboxd.com/film/big-hero-6/
2017-09-06,Interstellar,2014,https://letterboxd.com/film/interstellar/
2017-09-06,Moon,2009,https://letterboxd.com/film/moon/
2017-09-06,Ghost in the Shell,1995,https://letterboxd.com/film/ghost-in-the-shell/
2017-09-06,Close Encounters of the Third Kind,1977,https://letterboxd.com/film/close-encounters-of-the-third-kind/
2017-09-06,Me and Earl and the Dying Girl,2015,https://letterboxd.com/film/me-and-earl-and-the-dying-girl/
2017-09-06,No Country for Old Men,2007,https://letterboxd.com/film/no-country-for-old-men/
2017-09-06,Drive,2011,https://letterboxd.com/film/drive-2011/
2017-09-06,Avatar,2009,https://letterboxd.com/film/avatar/
2017-09-06,Titanic,1997,https://letterboxd.com/film/titanic-1997/
2017-09-06,Star Wars: The Force Awakens,2015,https://letterboxd.com/film/star-wars-the-force-awakens/
2017-09-06,Jurassic World,2015,https://letterboxd.com/film/jurassic-world/
2017-09-06,The Avengers,2012,https://letterboxd.com/film/the-avengers-2012/
2017-09-06,Frozen,2013,https://letterboxd.com/film/frozen-2013/
2017-09-06,Iron Man 3,2013,https://letterboxd.com/film/iron-man-3/
2017-09-06,Minions,2015,https://letterboxd.com/film/minions/
2017-09-06,Skyfall,2012,https://letterboxd.com/film/skyfall/
2017-09-06,The Lord of the Rings: The Return of the King,2003,https://letterboxd.com/film/the-lord-of-the-rings-the-return-of-the-king/
2017-09-06,The Dark Knight Rises,2012,https://letterboxd.com/film/the-dark-knight-rises/
2017-09-06,Toy Story 3,2010,https://letterboxd.com/film/toy-story-3/
2017-09-06,Pirates of the Caribbean: Dead Man's Chest,2006,https://letterboxd.com/film/pirates-of-the-caribbean-dead-mans-chest/
2017-09-06,Rogue One: A Star Wars Story,2016,https://letterboxd.com/film/rogue-one-a-star-wars-story/
2017-09-06,Pirates of the Caribbean: On Stranger Tides,2011,https://letterboxd.com/film/pirates-of-the-caribbean-on-stranger-tides/
2017-09-06,Jurassic Park,1993,https://letterboxd.com/film/jurassic-park/
2017-09-06,Finding Dory,2016,https://letterboxd.com/film/finding-dory/
2017-09-06,Star Wars: Episode I - The Phantom Menace,1999,https://letterboxd.com/film/star-wars-episode-i-the-phantom-menace/
2017-09-06,Alice in Wonderland,2010,https://letterboxd.com/film/alice-in-wonderland-2010/
2017-09-06,The Hobbit: An Unexpected Journey,2012,https://letterboxd.com/film/the-hobbit-an-unexpected-journey/
2017-09-06,The Dark Knight,2008,https://letterboxd.com/film/the-dark-knight/
2017-09-06,The Lion King,1994,https://letterboxd.com/film/the-lion-king/
2017-09-06,Pirates of the Caribbean: At World's End,2007,https://letterboxd.com/film/pirates-of-the-caribbean-at-worlds-end/
2017-09-06,The Hobbit: The Desolation of Smaug,2013,https://letterboxd.com/film/the-hobbit-the-desolation-of-smaug/
2017-09-06,The Lord of the Rings: The Two Towers,2002,https://letterboxd.com/film/the-lord-of-the-rings-the-two-towers/
2017-09-06,Spider-Man 3,2007,https://letterboxd.com/film/spider-man-3/
2017-09-06,The Lord of the Rings: The Fellowship of the Ring,2001,https://letterboxd.com/film/the-lord-of-the-rings-the-fellowship-of-the-ring/
2017-09-06,Star Wars: Episode III - Revenge of the Sith,2005,https://letterboxd.com/film/star-wars-episode-iii-revenge-of-the-sith/
2017-09-06,Inception,2010,https://letterboxd.com/film/inception/
2017-09-06,Independence Day,1996,https://letterboxd.com/film/independence-day/
2017-09-06,Spider-Man,2002,https://letterboxd.com/film/spider-man/
2017-09-06,E.T. the Extra-Terrestrial,1982,https://letterboxd.com/film/et-the-extra-terrestrial/
2017-09-06,Spider-Man 2,2004,https://letterboxd.com/film/spider-man-2/
2017-09-06,Deadpool,2016,https://letterboxd.com/film/deadpool/
2017-09-06,Guardians of the Galaxy,2014,https://letterboxd.com/film/guardians-of-the-galaxy/
2017-09-06,2012,2009,https://letterboxd.com/film/2012/
2017-09-06,The Da Vinci Code,2006,https://letterboxd.com/film/the-da-vinci-code/
2017-09-06,The Amazing Spider-Man,2012,https://letterboxd.com/film/the-amazing-spider-man/
2017-09-06,X-Men: Days of Future Past,2014,https://letterboxd.com/film/x-men-days-of-future-past/
2017-09-06,Suicide Squad,2016,https://letterboxd.com/film/suicide-squad-2016/
2017-09-06,The Matrix Reloaded,2003,https://letterboxd.com/film/the-matrix-reloaded/
2017-09-06,Monsters University,2013,https://letterboxd.com/film/monsters-university/
2017-09-06,Spider-Man: Homecoming,2017,https://letterboxd.com/film/spider-man-homecoming/
2017-09-06,Up,2009,https://letterboxd.com/film/up/
2017-09-06,Gravity,2013,https://letterboxd.com/film/gravity-2013/
2018-01-18,Evil Dead II,1987,https://letterboxd.com/film/evil-dead-ii/
2018-01-18,Army of Darkness,1992,https://letterboxd.com/film/army-of-darkness/
